{"model":{"version":3,"nodes":[{"name":"RootNode","position":[0,0,0],"rotation":[0,0,0],"scale":[1,1,1],"scaleCompensation":false},{"name":"Ground_Plane","position":[-0.17104,0.199301,0.716541],"rotation":[-90,-0,0],"scale":[1,1,1],"scaleCompensation":false}],"parents":[-1,0],"skins":[],"morphs":[],"vertices":[{"position":{"type":"float32","components":3,"data":[-10.1298,-5.06492,0,-10.1298,-10.1298,0,-5.06492,-5.06492,0,-5.06492,-10.1298,0,0,-5.06492,0,0,-10.1298,0,5.06492,-5.06492,0,5.06492,-10.1298,0,10.1298,-5.06492,0,10.1298,-10.1298,0,-10.1298,0,0,-5.06492,0,0,0,0,0,5.06492,0,0,10.1298,0,0,-10.1298,5.06492,0,-5.06492,5.06492,0,0,5.06492,0,5.06492,5.06492,0,10.1298,5.06492,0,-10.1298,10.1298,0,-5.06492,10.1298,0,0,10.1298,0,5.06492,10.1298,0,10.1298,10.1298,0]},"normal":{"type":"float32","components":3,"data":[0,0,1,0,0,1,0,0,1,0,0,1,0,0,1,0,0,1,0,0,1,0,0,1,0,0,1,0,0,1,0,0,1,0,0,1,0,0,1,0,0,1,0,0,1,0,0,1,0,0,1,0,0,1,0,0,1,0,0,1,0,0,1,0,0,1,0,0,1,0,0,1,0,0,1]},"texCoord0":{"type":"float32","components":2,"data":[0,0.25,0,0,0.25,0.25,0.25,0,0.5,0.25,0.5,0,0.75,0.25,0.75,0,1,0.25,1,0,0,0.5,0.25,0.5,0.5,0.5,0.75,0.5,1,0.5,0,0.75,0.25,0.75,0.5,0.75,0.75,0.75,1,0.75,0,1,0.25,1,0.5,1,0.75,1,1,1]}}],"meshes":[{"aabb":{"min":[-10.1298,-10.1298,0],"max":[10.1298,10.1298,0]},"vertices":0,"indices":[0,1,2,3,2,1,2,3,4,5,4,3,4,5,6,7,6,5,6,7,8,9,8,7,10,0,11,2,11,0,11,2,12,4,12,2,12,4,13,6,13,4,13,6,14,8,14,6,15,10,16,11,16,10,16,11,17,12,17,11,17,12,18,13,18,12,18,13,19,14,19,13,20,15,21,16,21,15,21,16,22,17,22,16,22,17,23,18,23,17,23,18,24,19,24,18],"type":"triangles","base":0,"count":96}],"meshInstances":[{"node":1,"mesh":0}]}}