{"model":{"version":3,"nodes":[{"name":"RootNode","position":[0,0,0],"rotation":[0,0,0],"scale":[1,1,1],"scaleCompensation":false},{"name":"Shadow_Map_01","position":[-6.40741,-5.30214,-9.05599],"rotation":[-90,0,0],"scale":[1,1,1],"scaleCompensation":false}],"parents":[-1,0],"skins":[],"morphs":[],"vertices":[{"position":{"type":"float32","components":3,"data":[-39.8588,-19.4822,-4.99189e-05,39.8588,-19.4821,-4.99189e-05,-39.8588,19.4821,-4.99189e-05,39.8588,19.4822,-4.99189e-05]},"normal":{"type":"float32","components":3,"data":[0,0,1,0,0,1,0,0,1,0,0,1]},"texCoord0":{"type":"float32","components":2,"data":[0.9995,0.488791,0.000499827,0.488791,0.9995,0.000500643,0.000500096,0.000500076]},"texCoord1":{"type":"float32","components":2,"data":[0.00270419,0.263488,0.528195,0.263488,0.00270419,0.00663872,0.528195,0.00663872]}}],"meshes":[{"aabb":{"min":[-39.8588,-19.4822,-4.99189e-05],"max":[39.8588,19.4822,-4.99189e-05]},"vertices":0,"indices":[0,1,2,3,2,1],"type":"triangles","base":0,"count":6}],"meshInstances":[{"node":1,"mesh":0}]}}